Index,City,Country,Date,Lat,Lng,Max Temp,Humidity,Cloudiness,Wind Speed
0,Mahebourg,MU,2022-10-28 18:20:10,-20.4081,57.7,74.25,88,40,5.75
1,Iqaluit,CA,2022-10-28 18:20:10,63.7506,-68.5145,22.73,93,100,46.04
2,Najran,SA,2022-10-28 18:16:56,17.4924,44.1277,68.65,22,2,3.31
3,Busselton,AU,2022-10-28 18:20:12,-33.65,115.3333,51.75,75,56,12.73
4,Tasiilaq,GL,2022-10-28 18:20:12,65.6145,-37.6368,39.36,72,100,1.97
5,Onda,ES,2022-10-28 18:20:13,39.9667,-0.25,68.9,84,96,0.72
6,Peniche,PT,2022-10-28 18:20:13,39.3558,-9.3811,71.08,80,100,19.3
7,Port Alfred,ZA,2022-10-28 18:20:14,-33.5906,26.891,64.18,77,100,4.0
8,Saldanha,ZA,2022-10-28 18:20:15,-33.0117,17.9442,63.21,83,79,10.36
9,Camapua,BR,2022-10-28 18:20:16,-19.5314,-54.0439,92.79,35,63,4.72
10,Velingara,SN,2022-10-28 18:20:16,13.15,-14.1167,87.69,53,89,3.87
11,Georgetown,MY,2022-10-28 18:19:27,5.4112,100.3354,78.24,93,20,0.0
12,Mar Del Plata,AR,2022-10-28 18:16:35,-38.0023,-57.5575,68.02,47,0,14.97
13,Hermanus,ZA,2022-10-28 18:20:18,-34.4187,19.2345,62.8,82,57,15.79
14,Ushuaia,AR,2022-10-28 18:20:18,-54.8,-68.3,47.82,75,75,28.77
15,Kruisfontein,ZA,2022-10-28 18:20:19,-34.0033,24.7314,60.89,73,98,17.45
16,Carnarvon,AU,2022-10-28 18:20:20,-24.8667,113.6333,66.4,60,3,18.77
17,Clyde River,CA,2022-10-28 18:20:20,70.4692,-68.5914,14.23,79,100,19.57
18,Salinopolis,BR,2022-10-28 18:20:22,-0.6136,-47.3561,85.15,67,88,15.32
19,Gobabis,NA,2022-10-28 18:20:22,-22.45,18.9667,85.39,15,1,3.76
20,Touros,BR,2022-10-28 18:20:22,-5.1989,-35.4608,83.21,68,51,18.05
21,Laguna,US,2022-10-28 18:20:23,38.421,-121.4238,73.09,44,0,5.75
22,Cape Town,ZA,2022-10-28 18:20:01,-33.9258,18.4232,69.12,66,0,10.36
23,Callaway,US,2022-10-28 18:20:25,30.153,-85.5699,79.95,71,20,8.05
24,Caxito,AO,2022-10-28 18:20:25,-8.5785,13.6643,78.93,81,54,7.85
25,Donskoye,RU,2022-10-28 18:20:26,45.4552,41.9741,46.53,74,92,7.27
26,Odweyne,SO,2022-10-28 18:20:27,9.4092,45.064,74.84,61,73,7.23
27,Longyearbyen,SJ,2022-10-28 18:20:28,78.2186,15.6401,24.64,63,75,6.91
28,Vardo,NO,2022-10-28 18:20:28,70.3705,31.1107,33.78,93,75,18.41
29,Necochea,AR,2022-10-28 18:20:29,-38.5473,-58.7368,63.99,56,84,15.59
30,Hualmay,PE,2022-10-28 18:20:30,-11.0964,-77.6139,66.94,69,59,8.63
31,Ostrovnoy,RU,2022-10-28 18:20:30,68.0531,39.5131,35.26,88,100,21.09
32,Saint-Philippe,RE,2022-10-28 18:20:31,-21.3585,55.7679,72.99,79,46,9.04
33,Port Elizabeth,ZA,2022-10-28 18:20:31,-33.918,25.5701,63.1,72,100,12.66
34,Faya,SA,2022-10-28 18:20:32,18.3851,42.4509,62.71,51,18,1.36
35,Chuy,UY,2022-10-28 18:20:32,-33.6971,-53.4616,79.7,39,0,10.2
36,Henties Bay,NA,2022-10-28 18:20:33,-22.116,14.2845,58.8,89,11,7.99
37,Qaanaaq,GL,2022-10-28 18:20:33,77.484,-69.3632,0.37,74,52,7.87
38,Ribeira Grande,PT,2022-10-28 18:20:34,38.5167,-28.7,64.8,55,20,11.5
39,Talnakh,RU,2022-10-28 18:20:34,69.4865,88.3972,20.21,89,100,16.51
40,Beloha,MG,2022-10-28 18:20:35,-25.1667,45.05,71.1,89,25,6.46
41,Sikeston,US,2022-10-28 18:20:35,36.8767,-89.5879,67.96,42,0,9.22
42,Saint George,US,2022-10-28 18:20:27,37.1041,-113.5841,57.43,30,0,1.01
43,Upernavik,GL,2022-10-28 18:20:36,72.7868,-56.1549,22.35,73,100,23.53
44,Mani,CO,2022-10-28 18:20:37,4.8172,-72.2886,85.73,70,65,8.81
45,Ambilobe,MG,2022-10-28 18:21:37,-13.2,49.05,74.93,70,63,4.32
46,Bredasdorp,ZA,2022-10-28 18:21:38,-34.5322,20.0403,60.57,78,72,19.39
47,Rawson,AR,2022-10-28 18:21:38,-43.3002,-65.1023,63.7,20,87,29.71
48,Viedma,AR,2022-10-28 18:20:27,-40.8135,-62.9967,68.34,26,96,10.58
49,Alexandria,EG,2022-10-28 18:21:23,31.2156,29.9553,72.63,62,1,8.77
50,High Rock,BS,2022-10-28 18:21:40,26.6208,-78.2833,82.42,63,0,15.88
51,Lavras,BR,2022-10-28 18:19:06,-21.2453,-44.9997,85.23,36,93,11.54
52,Ogaminana,NG,2022-10-28 18:21:42,7.5946,6.2248,80.35,56,85,1.88
53,East London,ZA,2022-10-28 18:20:24,-33.0153,27.9116,62.73,74,100,14.99
54,Veraval,IN,2022-10-28 18:21:29,20.9,70.3667,78.93,65,0,5.86
55,Inirida,CO,2022-10-28 18:21:43,3.8653,-67.9239,96.96,42,87,1.19
56,Souillac,MU,2022-10-28 18:21:44,-20.5167,57.5167,71.98,88,40,5.75
57,San-Pedro,CI,2022-10-28 18:21:44,4.7485,-6.6363,78.75,85,73,6.15
58,Sinjar,IQ,2022-10-28 18:21:45,36.3209,41.8754,69.73,33,1,8.48
59,Coxim,BR,2022-10-28 18:21:45,-18.5067,-54.76,91.63,39,75,2.26
60,Sovetskiy,RU,2022-10-28 18:21:46,61.3614,63.5842,27.5,84,36,5.01
61,Sept-Iles,CA,2022-10-28 18:18:21,50.2001,-66.3821,45.12,49,20,19.57
62,Olafsvik,IS,2022-10-28 18:21:46,64.8945,-23.7142,41.05,72,76,4.03
63,Urengoy,RU,2022-10-28 18:21:47,65.9667,78.3667,15.89,94,83,9.22
64,Mangrol,IN,2022-10-28 18:21:47,21.1167,70.1167,79.79,64,0,2.8
65,Aksu,CN,2022-10-28 18:21:48,41.1231,80.2644,52.16,31,91,3.42
66,Dakar,SN,2022-10-28 18:21:48,14.6937,-17.4441,88.68,74,0,2.3
67,Luderitz,NA,2022-10-28 18:21:49,-26.6481,15.1594,62.65,76,0,14.07
68,Lichinga,MZ,2022-10-28 18:21:50,-13.3128,35.2406,71.82,38,24,4.79
69,Ankazoabo,MG,2022-10-28 18:21:50,-22.2833,44.5167,78.35,46,48,7.43
70,Bandarbeyla,SO,2022-10-28 18:21:51,9.4942,50.8122,79.48,81,16,14.23
71,Punta Arenas,CL,2022-10-28 18:21:51,-53.15,-70.9167,44.71,49,75,32.21
72,Dikson,RU,2022-10-28 18:21:52,73.5069,80.5464,21.65,93,100,5.46
73,Nanortalik,GL,2022-10-28 18:21:52,60.1432,-45.2371,40.42,94,100,17.96
74,Caucaia,BR,2022-10-28 18:19:18,-3.7361,-38.6531,90.3,60,0,19.57
75,Aquiraz,BR,2022-10-28 18:21:53,-3.9014,-38.3911,90.45,60,100,14.85
76,Talas,TR,2022-10-28 18:21:53,38.6908,35.5538,45.27,53,0,4.61
77,Lumberton,US,2022-10-28 18:21:06,34.6182,-79.0086,70.11,63,100,9.22
78,Oranjemund,NA,2022-10-28 18:21:54,-28.55,16.4333,59.74,85,20,6.71
79,Xanlar,AZ,2022-10-28 18:21:55,40.5869,46.3158,54.91,51,75,18.41
80,Dingle,PH,2022-10-28 18:21:55,10.9995,122.6711,75.02,99,100,3.98
81,Coquimbo,CL,2022-10-28 18:21:56,-29.9533,-71.3436,60.53,72,75,12.66
82,Pangnirtung,CA,2022-10-28 18:21:56,66.1451,-65.7125,33.8,64,100,16.11
83,Boone,US,2022-10-28 18:21:57,39.0334,-92.3335,63.45,42,63,7.49
84,Victoria,HK,2022-10-28 18:17:10,22.2855,114.1577,77.38,80,7,8.01
85,Tucurui,BR,2022-10-28 18:21:58,-3.7661,-49.6725,98.62,30,95,7.27
86,Ciudad Bolivar,VE,2022-10-28 18:21:58,8.1222,-63.5497,86.22,58,100,7.11
87,Korla,CN,2022-10-28 18:22:00,41.7597,86.1469,52.14,35,96,5.46
88,Waddan,LY,2022-10-28 18:22:00,29.1614,16.139,71.29,56,0,15.28
89,Padang,ID,2022-10-28 18:22:01,-0.9492,100.3543,77.05,85,93,2.71
90,Lagoa,PT,2022-10-28 18:23:01,39.05,-27.9833,62.67,59,4,11.54
91,Ovruch,UA,2022-10-28 18:23:02,51.3246,28.8035,49.62,94,100,4.94
92,Canar,EC,2022-10-28 18:23:03,-2.55,-78.9333,64.44,73,48,8.61
93,Paamiut,GL,2022-10-28 18:23:03,61.994,-49.6678,38.91,95,100,32.46
94,Kudahuvadhoo,MV,2022-10-28 18:23:04,2.6708,72.8944,81.39,82,100,17.27
95,Neuquen,AR,2022-10-28 18:20:22,-38.9516,-68.0591,75.09,25,0,11.5
96,Hithadhoo,MV,2022-10-28 18:23:05,-0.6,73.0833,82.58,77,98,19.04
97,La Tuque,CA,2022-10-28 18:20:16,47.4334,-72.7824,48.45,43,4,8.05
98,Axim,GH,2022-10-28 18:23:06,4.8699,-2.2405,78.98,82,87,6.8
99,Jintur,IN,2022-10-28 18:23:06,19.6167,76.7,67.48,65,0,2.66
100,Bengkulu,ID,2022-10-28 18:23:07,-3.8004,102.2655,73.99,91,96,4.14
101,Takoradi,GH,2022-10-28 18:23:07,4.8845,-1.7554,80.13,81,100,9.71
102,Kamachumu,TZ,2022-10-28 18:23:08,-1.6186,31.62,66.87,68,75,5.57
103,Asyut,EG,2022-10-28 18:23:08,27.181,31.1837,76.46,39,63,11.14
104,Rio Gallegos,AR,2022-10-28 18:23:09,-51.6226,-69.2181,50.05,37,40,39.12
105,Maracacume,BR,2022-10-28 18:23:10,-2.0428,-45.9592,98.46,25,98,10.27
106,Porvoo,FI,2022-10-28 18:23:10,60.3923,25.6651,52.3,96,100,9.46
107,Leshukonskoye,RU,2022-10-28 18:23:11,64.8989,45.7622,29.53,93,100,7.85
108,Narsaq,GL,2022-10-28 18:23:11,60.9167,-46.05,34.02,100,100,7.96
109,Jalu,LY,2022-10-28 18:23:11,29.0331,21.5482,73.0,32,0,8.7
110,Bud,US,2022-10-28 18:23:12,39.447,-86.1758,62.74,57,58,6.98
111,Yarada,IN,2022-10-28 18:19:33,17.65,83.2667,75.52,88,20,2.3
112,Pitkyaranta,RU,2022-10-28 18:23:13,61.5734,31.4792,46.09,97,99,6.35
113,San Cristobal,VE,2022-10-28 18:18:26,7.7669,-72.225,73.58,49,67,4.47
114,Meulaboh,ID,2022-10-28 18:23:14,4.1363,96.1285,76.91,90,98,4.97
115,Bardiyah,LY,2022-10-28 18:23:16,31.7561,25.0865,70.7,62,0,3.62
116,Mount Pleasant,US,2022-10-28 18:23:08,32.7941,-79.8626,66.34,81,100,8.05
117,Rosiori,RO,2022-10-28 18:23:19,44.8,27.3833,57.33,57,24,6.31
118,Mehamn,NO,2022-10-28 18:23:19,71.0357,27.8492,33.71,90,94,12.08
119,Gazojak,TM,2022-10-28 18:23:20,41.1875,61.4036,56.82,39,70,4.29
120,Kostomuksha,RU,2022-10-28 18:23:20,64.571,30.5767,39.42,98,100,8.84
121,Kotli Loharan,PK,2022-10-28 18:23:21,32.5883,74.4932,69.69,78,0,3.0
122,Leh,IN,2022-10-28 18:23:22,34.1667,77.5833,31.77,39,2,0.65
123,Imbituba,BR,2022-10-28 18:23:22,-28.24,-48.6703,74.79,71,0,11.3
124,Aljezur,PT,2022-10-28 18:23:23,37.3191,-8.8033,68.16,84,95,8.79
125,Stykkisholmur,IS,2022-10-28 18:23:24,65.0757,-22.7297,38.08,79,96,1.57
126,Jamestown,US,2022-10-28 18:23:12,42.097,-79.2353,58.01,35,0,8.05
127,Tres Arroyos,AR,2022-10-28 18:20:10,-38.3739,-60.2798,72.66,38,96,13.22
128,Bykovo,RU,2022-10-28 18:23:25,55.6361,38.0803,46.81,93,75,0.0
129,Roald,NO,2022-10-28 18:23:25,62.5833,6.1333,56.08,94,75,6.91
130,Baghdad,IQ,2022-10-28 18:22:20,33.3406,44.4009,73.31,38,0,5.75
131,Brae,GB,2022-10-28 18:23:26,60.3964,-1.353,53.47,92,100,23.35
132,Sistranda,NO,2022-10-28 18:23:26,63.7256,8.834,49.96,96,100,8.19
133,Abonnema,NG,2022-10-28 18:23:27,4.7084,6.7931,79.43,84,100,5.21
134,Cidreira,BR,2022-10-28 18:23:28,-30.1811,-50.2056,72.9,66,0,9.91
135,Aiken,US,2022-10-28 18:18:34,33.5835,-81.5998,74.57,50,0,13.8
136,Aswan,EG,2022-10-28 18:24:28,24.0934,32.907,81.19,25,0,7.0
137,Klaksvik,FO,2022-10-28 18:24:29,62.2266,-6.589,52.72,92,100,20.33
138,Namibe,AO,2022-10-28 18:24:29,-15.1961,12.1522,69.42,81,30,3.51
139,Guanica,PR,2022-10-28 18:24:29,17.9716,-66.908,86.13,80,100,7.45
140,Geraldton,AU,2022-10-28 18:24:30,-28.7667,114.6,64.81,82,75,12.66
141,Maceio,BR,2022-10-28 18:24:25,-9.6658,-35.7353,85.44,58,20,16.11
142,Aleksandrov Gay,RU,2022-10-28 18:24:32,50.147,48.5704,38.95,93,100,12.03
143,Barcelos,PT,2022-10-28 18:22:00,41.5388,-8.6151,64.54,98,100,3.6
144,Pisco,PE,2022-10-28 18:24:33,-13.7,-76.2167,64.45,77,100,11.5
145,Tinyahuarco,PE,2022-10-28 18:24:33,-10.75,-76.3,58.19,33,19,4.41
146,Bathsheba,BB,2022-10-28 18:24:33,13.2167,-59.5167,79.41,94,40,11.5
147,Liverpool,GB,2022-10-28 18:20:05,53.4106,-2.9779,57.74,80,20,9.22
148,Trinidad,BO,2022-10-28 18:24:34,-14.8333,-64.9,85.98,66,75,5.75
149,Goure,NE,2022-10-28 18:24:35,13.9835,10.2704,84.47,17,2,8.99
150,Belmonte,BR,2022-10-28 18:24:36,-15.8631,-38.8828,80.91,69,57,10.49
151,Novyy Urengoy,RU,2022-10-28 18:24:33,66.0833,76.6333,19.65,88,52,14.27
152,Apatity,RU,2022-10-28 18:24:37,67.5641,33.4031,29.53,99,100,8.14
153,Shu,KZ,2022-10-28 18:24:38,43.5983,73.7614,41.92,70,36,3.22
154,Opuwo,NA,2022-10-28 18:24:38,-18.0607,13.84,83.95,24,86,8.66
155,Natal,BR,2022-10-28 18:24:39,-5.795,-35.2094,84.85,61,40,18.41
156,Beyneu,KZ,2022-10-28 18:24:39,45.3167,55.2,49.82,51,99,11.72
157,Arraial Do Cabo,BR,2022-10-28 18:24:40,-22.9661,-42.0278,85.96,58,0,11.5
158,Bonthe,SL,2022-10-28 18:24:40,7.5264,-12.505,80.29,81,100,5.75
159,Huarmey,PE,2022-10-28 18:24:40,-10.0681,-78.1522,68.41,70,71,10.51
160,Raudeberg,NO,2022-10-28 18:24:42,61.9875,5.1352,56.86,26,100,9.98
161,Ponta Do Sol,PT,2022-10-28 18:24:42,32.6667,-17.1,75.0,83,48,6.71
162,Gambela,ET,2022-10-28 18:24:43,8.25,34.5833,76.14,78,64,4.0
163,Koutiala,ML,2022-10-28 18:24:43,12.3917,-5.4642,85.21,22,0,6.49
164,Kamenka,RU,2022-10-28 18:24:44,51.3223,42.7678,36.19,93,100,6.67
165,Russkaya Polyana,UA,2022-10-28 18:24:44,49.417,31.9201,50.22,78,100,5.46
166,Kalemie,CD,2022-10-28 18:24:45,-5.9475,29.1947,77.36,63,32,6.78
167,La Mana,EC,2022-10-28 18:24:45,-0.9333,-79.2167,89.74,48,33,5.19
168,Irpa Irpa,BO,2022-10-28 18:24:47,-17.7167,-66.2667,87.8,11,48,7.02
169,Lokosovo,RU,2022-10-28 18:24:49,61.1333,74.8167,28.78,94,100,8.99
170,Okoneshnikovo,RU,2022-10-28 18:21:26,54.8377,75.0834,26.78,86,98,15.64
171,Morondava,MG,2022-10-28 18:24:50,-20.2833,44.2833,79.75,77,30,15.93
172,Gambo,CF,2022-10-28 18:24:50,4.6482,22.2633,75.94,74,93,1.77
173,Saint Anthony,US,2022-10-28 18:24:52,45.0205,-93.218,61.93,48,0,9.22
174,Tromso,NO,2022-10-28 18:24:53,69.6496,18.957,41.38,87,75,8.05
175,Campbeltown,GB,2022-10-28 18:24:53,55.4258,-5.6076,55.45,86,49,15.95
176,Kondoa,TZ,2022-10-28 18:24:54,-4.9,35.7833,72.59,31,99,11.52
177,Grindavik,IS,2022-10-28 18:24:54,63.8424,-22.4338,39.15,87,75,5.75
178,Nueva Guinea,NI,2022-10-28 18:24:55,11.6876,-84.4562,84.36,64,16,6.22
179,Araouane,ML,2022-10-28 18:24:55,18.9048,-3.5265,83.98,7,0,10.02
180,Vestmannaeyjar,IS,2022-10-28 18:24:56,63.4427,-20.2734,40.19,81,0,12.66
181,Matagami,CA,2022-10-28 18:24:56,49.7502,-77.6328,41.11,87,100,11.5
182,Altamira,BR,2022-10-28 18:25:58,-3.2033,-52.2064,89.69,55,40,4.61
183,Ancud,CL,2022-10-28 18:25:58,-41.8697,-73.8203,51.69,69,100,13.35
184,Riviere-Au-Renard,CA,2022-10-28 18:25:59,48.9957,-64.3971,50.29,46,4,14.12
185,Birao,CF,2022-10-28 18:25:59,10.2849,22.7882,80.37,30,99,5.21
186,Patitirion,GR,2022-10-28 18:26:00,39.15,23.8667,63.95,64,0,16.11
187,Znamenskoye,RU,2022-10-28 18:26:00,57.1281,73.8282,29.75,91,100,10.27
188,Rio Claro,BR,2022-10-28 18:26:02,-22.4114,-47.5614,82.51,70,87,9.37
189,Los Llanos De Aridane,ES,2022-10-28 18:26:03,28.6585,-17.9182,75.13,68,0,3.44
190,Qaqortoq,GL,2022-10-28 18:26:03,60.7167,-46.0333,36.99,97,100,9.24
191,Lodwar,KE,2022-10-28 18:26:04,3.1191,35.5973,84.54,51,33,19.46
192,Olinda,BR,2022-10-28 18:26:05,-8.0089,-34.8553,83.93,65,75,9.22
193,Grand Gaube,MU,2022-10-28 18:26:05,-20.0064,57.6608,74.37,72,81,3.0
194,Fasa,IR,2022-10-28 18:26:06,28.9383,53.6482,61.84,29,0,4.61
195,Walvis Bay,NA,2022-10-28 18:26:07,-22.9575,14.5053,58.15,88,22,6.91
196,West Bay,KY,2022-10-28 18:26:08,19.3667,-81.4167,84.99,78,40,9.22
197,Sulina,RO,2022-10-28 18:26:08,45.1559,29.6536,55.89,69,26,6.82
198,Anori,BR,2022-10-28 18:26:09,-3.7728,-61.6442,93.65,46,100,3.76
199,Kankon,IN,2022-10-28 18:26:10,15.0167,74.0167,80.4,64,57,5.01
200,Mingaora,PK,2022-10-28 18:26:11,34.7758,72.3625,60.94,48,0,5.03
201,Cleethorpes,GB,2022-10-28 18:26:11,53.5605,-0.0323,55.4,76,84,5.75
202,Torbay,CA,2022-10-28 18:26:13,47.6666,-52.7314,53.58,62,20,21.85
203,Maunabo,PR,2022-10-28 18:26:15,18.0072,-65.8993,85.82,85,100,12.68
204,San Pedro,PH,2022-10-28 18:26:16,14.35,121.0167,78.03,90,100,13.8
205,Salalah,OM,2022-10-28 18:26:16,17.0151,54.0924,78.89,78,0,4.61
206,Sankt Wendel,DE,2022-10-28 18:26:17,49.4667,7.1667,67.28,63,100,4.18
207,Marinette,US,2022-10-28 18:26:18,45.1,-87.6307,53.65,66,0,9.22
208,America Dourada,BR,2022-10-28 18:26:19,-11.4553,-41.4361,85.14,41,57,9.53
209,Husavik,IS,2022-10-28 18:26:20,66.0449,-17.3389,31.26,83,86,10.18
210,Caravelas,BR,2022-10-28 18:26:20,-17.7125,-39.2481,82.51,63,20,11.32
211,Skibbereen,IE,2022-10-28 18:26:21,51.55,-9.2667,59.11,90,91,16.13
212,Reconquista,AR,2022-10-28 18:26:22,-29.15,-59.65,92.57,17,0,10.04
213,Cochabamba,BO,2022-10-28 18:25:19,-17.3895,-66.1568,85.75,10,40,5.75
214,Vagur,FO,2022-10-28 18:26:23,61.4732,-6.8119,48.88,96,100,23.89
215,Bambous Virieux,MU,2022-10-28 18:26:23,-20.3428,57.7575,74.21,88,40,5.75
216,Mao,ES,2022-10-28 18:21:45,39.8885,4.2658,68.56,83,0,5.75
217,Yenagoa,NG,2022-10-28 18:26:24,4.9247,6.2642,77.47,89,100,4.65
218,Marrakesh,MA,2022-10-28 18:26:24,31.6315,-8.0083,87.87,14,0,3.44
219,Taoudenni,ML,2022-10-28 18:26:25,22.6783,-3.9836,88.29,10,0,10.51
220,Bourg-En-Bresse,FR,2022-10-28 18:26:25,46.1667,5.1667,71.42,67,62,6.4
221,Bosanska Gradiska,BA,2022-10-28 18:26:26,45.1411,17.25,53.85,75,3,1.83
222,Urucurituba,BR,2022-10-28 18:26:26,-2.6833,-57.6667,99.05,31,91,6.8
223,Sikonge,TZ,2022-10-28 18:26:27,-5.6333,32.7667,83.48,23,82,4.63
224,Mirnyy,RU,2022-10-28 18:26:27,62.5353,113.9611,10.24,85,49,4.0
225,Lebu,CL,2022-10-28 18:26:28,-37.6167,-73.65,54.95,99,100,11.52
226,Bonito,BR,2022-10-28 18:26:28,-21.1211,-56.4819,89.22,45,82,5.57
227,Pucallpa,PE,2022-10-28 18:26:29,-8.3791,-74.5539,75.24,100,75,4.61
228,Coihaique,CL,2022-10-28 18:26:29,-45.5752,-72.0662,43.41,81,100,9.22
229,Dudinka,RU,2022-10-28 18:26:30,69.4058,86.1778,20.62,93,100,22.08
230,Muros,ES,2022-10-28 18:26:31,42.7762,-9.0603,67.08,77,100,23.0
231,Chesma,RU,2022-10-28 18:27:31,53.8111,60.6533,28.2,72,96,6.93
232,Vila Franca Do Campo,PT,2022-10-28 18:27:32,37.7167,-25.4333,64.2,59,1,8.9
233,Uruana,BR,2022-10-28 18:27:32,-15.4981,-49.6875,91.4,36,60,9.01
234,Piacabucu,BR,2022-10-28 18:27:33,-10.4056,-36.4344,81.12,70,61,12.12
235,Udimskiy,RU,2022-10-28 18:27:33,61.1417,45.9144,39.07,97,100,7.92
236,Abu Dhabi,AE,2022-10-28 18:26:49,24.4667,54.3667,84.22,67,0,4.61
237,Siniscola,IT,2022-10-28 18:27:34,40.5719,9.6922,65.75,74,94,1.95
238,Junqueiro,BR,2022-10-28 18:27:35,-9.9253,-36.4758,83.23,58,56,14.36
239,Huntingdon,GB,2022-10-28 18:25:48,52.3305,-0.1865,56.86,84,75,1.01
240,Nueve De Julio,AR,2022-10-28 18:27:36,-35.4444,-60.8831,81.97,31,94,1.01
241,Cape Coast,GH,2022-10-28 18:27:36,5.1053,-1.2466,79.79,82,99,8.5
242,Tacoronte,ES,2022-10-28 18:27:37,28.4769,-16.4102,76.33,66,0,6.91
243,Dubai,AE,2022-10-28 18:25:06,25.2582,55.3047,85.93,58,0,4.61
244,Oksfjord,NO,2022-10-28 18:27:37,70.2396,22.3479,41.18,96,100,9.57
245,Finnsnes,NO,2022-10-28 18:27:39,69.2296,17.9811,35.76,100,100,5.21
246,Gat,IL,2022-10-28 18:26:10,31.61,34.7642,73.81,69,29,7.58
247,Chokwe,MZ,2022-10-28 18:27:40,-24.5333,32.9833,72.05,76,84,13.8
248,Gonen,TR,2022-10-28 18:27:41,40.1049,27.654,62.02,30,0,15.3
249,Ilulissat,GL,2022-10-28 18:27:41,69.2167,-51.1,33.82,93,75,9.22
250,Praia Da Vitoria,PT,2022-10-28 18:27:41,38.7333,-27.0667,66.45,59,20,12.01
251,Sinop,TR,2022-10-28 18:25:24,41.7711,34.8709,45.73,92,42,1.83
252,Havelock,US,2022-10-28 18:25:59,34.8791,-76.9013,67.95,89,100,13.8
253,Exu,BR,2022-10-28 18:27:42,-7.5119,-39.7242,93.34,26,25,7.52
254,Brentwood,US,2022-10-28 18:24:58,40.7812,-73.2462,58.95,57,100,9.22
255,Berlevag,NO,2022-10-28 18:27:46,70.8578,29.0864,33.75,80,0,12.66
256,Gamba,GA,2022-10-28 18:27:47,-2.65,10.0,78.15,89,79,6.11
257,Surskoye,RU,2022-10-28 18:27:49,54.4821,46.7214,36.54,93,100,1.01
258,Tazovskiy,RU,2022-10-28 18:27:49,67.4667,78.7,20.68,92,52,15.41
259,Castro,BR,2022-10-28 18:27:50,-24.7911,-50.0119,77.47,55,63,9.24
260,Millau,FR,2022-10-28 18:27:50,44.0833,2.9167,66.33,89,73,5.12
261,Salinas,US,2022-10-28 18:25:17,36.6777,-121.6555,65.57,55,0,4.61
262,Menzelinsk,RU,2022-10-28 18:27:51,55.7271,53.1026,31.55,89,100,4.47
263,Benghazi,LY,2022-10-28 18:27:51,32.1167,20.0667,71.49,62,0,23.31
264,Umm Lajj,SA,2022-10-28 18:27:53,25.0213,37.2685,80.76,61,4,10.71
265,Krasnoselkup,RU,2022-10-28 18:27:53,65.7,82.4667,24.21,96,100,12.68
266,Viransehir,TR,2022-10-28 18:27:54,37.2353,39.7631,65.23,31,2,8.3
267,Ajdabiya,LY,2022-10-28 18:27:55,30.7554,20.2263,70.93,69,0,8.34
268,Adrar,MR,2022-10-28 18:27:55,20.5022,-10.0711,89.35,11,9,10.89
269,Tema,GH,2022-10-28 18:27:55,5.667,-0.0166,82.81,83,75,8.05
270,Kilindoni,TZ,2022-10-28 18:27:56,-7.9139,39.6668,77.13,83,41,13.2
271,Rocha,UY,2022-10-28 18:27:56,-34.4833,-54.3333,83.21,44,11,11.1
272,Riberalta,BO,2022-10-28 18:27:58,-10.9833,-66.1,80.8,78,100,6.91
273,Yar-Sale,RU,2022-10-28 18:27:59,66.8333,70.8333,22.39,80,76,16.84
274,Muscat,OM,2022-10-28 18:28:00,23.6139,58.5922,80.62,56,0,2.82
275,Inhambane,MZ,2022-10-28 18:28:00,-23.865,35.3833,72.66,85,96,8.77
276,Bojnurd,IR,2022-10-28 18:29:01,37.4747,57.329,53.55,82,0,6.91
277,Frolovo,RU,2022-10-28 18:29:01,49.7713,43.6622,39.38,89,100,9.19
278,Nosy Varika,MG,2022-10-28 18:29:02,-20.5833,48.5333,73.89,74,39,9.13
279,Rudbar,AF,2022-10-28 18:29:03,30.15,62.6,72.68,15,94,3.22
280,Mezen,RU,2022-10-28 18:29:04,65.8522,44.24,30.78,95,100,9.15
281,Cumberland,US,2022-10-28 18:29:05,35.0502,-78.8664,70.48,62,100,10.36
282,Areia Branca,BR,2022-10-28 18:29:05,-4.9561,-37.1369,95.2,63,75,19.93
283,San Carlos De Bariloche,AR,2022-10-28 18:29:06,-41.1456,-71.3082,55.24,35,40,43.73
284,Katyuzhanka,UA,2022-10-28 18:29:06,50.806,30.1376,48.94,93,100,6.33
285,Krasnoyarskiy,RU,2022-10-28 18:29:07,51.965,59.8967,24.44,77,65,5.93
286,San Felipe,VE,2022-10-28 18:29:09,10.3399,-68.7425,87.1,58,52,5.91
287,Xuddur,SO,2022-10-28 18:29:11,4.1213,43.8894,75.63,75,95,4.72
288,Elbistan,TR,2022-10-28 18:29:11,38.2059,37.1983,51.62,41,24,2.48
289,Soyo,AO,2022-10-28 18:29:12,-6.1349,12.3689,78.75,83,59,8.97
290,Ormara,PK,2022-10-28 18:29:13,25.2088,64.6357,79.29,73,93,4.94
291,Uyemskiy,RU,2022-10-28 18:29:13,64.4743,40.8524,32.05,100,100,6.71
292,Valdivia,CL,2022-10-28 18:29:14,-39.8142,-73.2459,57.29,90,100,4.43
293,Sao Felix Do Xingu,BR,2022-10-28 18:29:15,-6.6447,-51.995,79.79,75,100,3.36
294,Uromi,NG,2022-10-28 18:29:15,6.7,6.3333,76.62,64,94,2.33
295,Awbari,LY,2022-10-28 18:29:17,26.5921,12.7805,70.95,37,0,6.24
296,Hjelset,NO,2022-10-28 18:29:18,62.7833,7.4833,50.97,100,100,4.61
297,Riyadh,SA,2022-10-28 18:27:33,24.6877,46.7219,77.14,13,90,6.78
298,Skelleftea,SE,2022-10-28 18:29:19,64.7507,20.9528,43.16,100,93,8.05
299,The Valley,AI,2022-10-28 18:28:55,18.217,-63.0578,87.1,70,40,17.27
300,Kargasok,RU,2022-10-28 18:29:19,59.0556,80.8572,27.45,94,100,14.14
301,Hambantota,LK,2022-10-28 18:29:20,6.1241,81.1185,77.34,100,40,2.3
302,Jizan,SA,2022-10-28 18:29:20,17.3333,42.6667,86.94,62,15,4.16
303,Makinsk,KZ,2022-10-28 18:29:22,52.6292,70.4169,17.26,93,24,8.41
304,Kavaratti,IN,2022-10-28 18:29:22,10.5669,72.642,81.79,65,84,6.33
305,Ilhabela,BR,2022-10-28 18:26:19,-23.7781,-45.3581,76.68,81,73,2.89
306,Darayya,SY,2022-10-28 18:29:24,33.459,36.2374,61.56,35,2,3.2
307,Notodden,NO,2022-10-28 18:29:24,59.5594,9.2585,57.0,93,97,3.42
308,Ubala,CO,2022-10-28 18:29:25,4.7478,-72.5369,86.09,70,74,6.69
309,Candido Mendes,BR,2022-10-28 18:29:25,-1.4467,-45.7167,89.53,47,98,10.8
310,Quatre Cocos,MU,2022-10-28 18:29:26,-20.2078,57.7625,74.08,76,58,8.3
311,Port-Cartier,CA,2022-10-28 18:27:18,50.0334,-66.8654,44.82,43,6,12.08
312,Vyartsilya,RU,2022-10-28 18:29:27,62.1764,30.693,45.61,100,99,5.61
313,Passos,BR,2022-10-28 18:29:27,-20.7189,-46.6097,89.67,30,65,7.56
314,Hamilton,US,2022-10-28 18:29:27,39.1834,-84.5333,66.43,51,0,4.61
315,Mahanoro,MG,2022-10-28 18:29:28,-19.9,48.8,72.14,80,21,7.7
316,Mogadishu,SO,2022-10-28 18:26:07,2.0371,45.3438,79.05,81,41,11.48
317,Ouango,CF,2022-10-28 18:29:29,4.3133,22.5552,77.07,76,93,0.6
318,Haverfordwest,GB,2022-10-28 18:29:29,51.8017,-4.9691,62.55,90,87,4.0
319,Orje,NO,2022-10-28 18:29:30,59.4802,11.6602,53.37,95,100,10.16
320,Maldonado,UY,2022-10-28 18:29:30,-34.6667,-54.9167,90.79,40,33,8.88
321,Kalmunai,LK,2022-10-28 18:29:31,7.4167,81.8167,77.61,71,37,4.9
322,Arica,CL,2022-10-28 18:29:31,-18.475,-70.3042,72.95,63,0,16.11
323,Myrtle Grove,US,2022-10-28 18:29:32,30.421,-87.3075,81.1,75,75,16.11
324,Moose Factory,CA,2022-10-28 18:29:33,51.2585,-80.6094,53.6,54,75,23.02
325,Mansa,IN,2022-10-28 18:30:33,29.9833,75.3833,70.7,38,0,4.5
326,Churhat,IN,2022-10-28 18:30:34,24.428,81.6703,67.44,53,0,1.83
327,Susangerd,IR,2022-10-28 18:30:34,31.5608,48.1831,83.66,30,56,5.44
328,Cayenne,GF,2022-10-28 18:30:05,4.9333,-52.3333,89.64,58,75,13.8
329,Mitsamiouli,KM,2022-10-28 18:30:35,-11.3847,43.2844,76.33,81,6,10.22
330,Ferkessedougou,CI,2022-10-28 18:30:35,9.6,-5.2,84.25,43,100,2.19
331,Salamiyah,SY,2022-10-28 18:30:36,35.0113,37.0532,69.46,38,1,4.72
332,Shetpe,KZ,2022-10-28 18:30:36,44.1667,52.1167,48.99,83,100,8.61
333,Urucara,BR,2022-10-28 18:30:37,-2.5364,-57.76,99.18,29,99,6.82
334,Tsabong,BW,2022-10-28 18:30:38,-26.0217,22.401,79.72,13,6,12.62
335,Kemi,FI,2022-10-28 18:30:38,65.8596,24.8228,42.57,100,0,5.75
336,Urumqi,CN,2022-10-28 18:28:01,43.801,87.6005,34.75,93,100,4.47
337,Bubaque,GW,2022-10-28 18:30:40,11.2833,-15.8333,82.9,78,100,8.08
338,Bestobe,KZ,2022-10-28 18:30:41,52.4994,73.0975,24.57,82,28,11.27
339,Jutai,BR,2022-10-28 18:30:41,-5.1833,-68.9,81.91,91,100,1.79
340,Synya,RU,2022-10-28 18:30:42,65.3718,58.0387,15.71,100,98,5.03
341,Itupiranga,BR,2022-10-28 18:30:42,-5.1347,-49.3267,95.32,56,98,3.8
342,Ayorou,NE,2022-10-28 18:30:43,14.7308,0.9174,86.36,14,0,10.33
343,Navalmoral De La Mata,ES,2022-10-28 18:30:43,39.8916,-5.5406,70.95,44,100,2.89
344,Oksovskiy,RU,2022-10-28 18:30:44,62.6062,39.8984,37.92,99,100,4.07
345,Santa Catalina,PH,2022-10-28 18:30:45,9.3337,122.8637,78.78,89,100,22.08
346,Thompson,CA,2022-10-28 18:30:30,55.7435,-97.8558,44.76,61,20,13.8
347,Tombouctou,ML,2022-10-28 18:30:47,20.0,-3.0,80.24,10,0,11.12
348,Matane,CA,2022-10-28 18:30:48,48.8286,-67.522,41.94,54,0,13.91
349,Rosa Zarate,EC,2022-10-28 18:30:48,0.3333,-79.4667,93.94,38,32,2.15
350,Pahalgam,IN,2022-10-28 18:30:48,34.0333,75.3333,40.84,46,0,7.76
351,Dalbandin,PK,2022-10-28 18:30:49,28.8947,64.4101,71.46,16,81,5.08
352,Yining,CN,2022-10-28 18:30:49,29.0361,114.5636,57.18,93,98,2.19
353,Itarema,BR,2022-10-28 18:30:51,-2.9248,-39.9167,83.1,67,76,20.22
354,Stornoway,GB,2022-10-28 18:30:52,58.2093,-6.3865,53.56,88,40,18.41
355,Belyy Yar,RU,2022-10-28 18:30:52,53.6039,91.3903,31.89,75,0,4.47
356,Turukhansk,RU,2022-10-28 18:30:53,65.8167,87.9833,20.23,87,100,16.13
357,Oxford,GB,2022-10-28 18:28:54,51.7522,-1.256,56.48,83,20,6.91
358,Marawi,PH,2022-10-28 18:30:55,7.9986,124.2928,69.76,95,100,10.09
359,Misratah,LY,2022-10-28 18:30:55,32.3754,15.0925,74.05,67,4,14.61
360,Gazli,UZ,2022-10-28 18:30:56,40.1333,63.45,57.51,45,35,5.84
361,Rorvik,NO,2022-10-28 18:30:56,64.8621,11.2373,46.51,93,75,4.61
362,Utrecht,NL,2022-10-28 18:30:08,52.0,5.25,64.2,87,100,5.99
363,Sao Jose Da Coroa Grande,BR,2022-10-28 18:30:57,-8.8978,-35.1478,80.28,68,66,11.95
364,Comodoro Rivadavia,AR,2022-10-28 18:30:57,-45.8667,-67.5,64.26,17,40,37.98
365,Codrington,AU,2022-10-28 18:31:00,-38.2667,141.9667,49.21,87,100,11.16
366,Coshocton,US,2022-10-28 18:31:00,40.272,-81.8596,60.26,42,100,1.01
367,Sao Filipe,CV,2022-10-28 18:31:01,14.8961,-24.4956,81.36,67,63,5.99
368,Bereda,ES,2022-10-28 18:31:01,43.2686,-7.5406,61.41,98,100,10.18
369,Labrea,BR,2022-10-28 18:31:02,-7.2586,-64.7981,73.6,99,100,3.29
370,Atar,MR,2022-10-28 18:31:03,20.5169,-13.0499,98.65,10,0,16.11
371,Malaya Serdoba,RU,2022-10-28 18:32:03,52.4661,44.9512,34.27,98,100,3.8
372,Damaturu,NG,2022-10-28 18:32:04,11.747,11.9608,82.51,21,18,8.63
373,Mayumba,GA,2022-10-28 18:32:05,-3.432,10.6554,78.1,89,41,5.82
374,Salisbury,GB,2022-10-28 18:29:55,51.0693,-1.7957,57.43,87,71,6.91
375,Hofn,IS,2022-10-28 18:32:05,64.2539,-15.2082,35.62,93,20,2.3
376,Senanga,ZM,2022-10-28 18:32:06,-16.1167,23.2667,76.71,38,11,4.32
377,Mocuba,MZ,2022-10-28 18:32:07,-16.8392,36.9856,76.87,69,10,7.27
378,Kidodi,TZ,2022-10-28 18:32:07,-7.6036,37.0044,75.31,46,47,1.01
379,Boden,SE,2022-10-28 18:32:08,65.8252,21.6886,42.8,92,21,4.23
380,Skjervoy,NO,2022-10-28 18:32:08,70.0311,20.9714,37.4,84,100,21.41
381,Shache,CN,2022-10-28 18:32:10,38.4167,77.2406,56.71,26,59,5.97
382,Ponta Delgada,PT,2022-10-28 18:32:10,37.7333,-25.6667,64.51,59,20,12.66
383,Nsoko,SZ,2022-10-28 18:32:11,-27.0333,31.95,64.81,72,0,6.29
384,Alta Floresta,BR,2022-10-28 18:32:12,-9.8756,-56.0861,87.62,66,40,5.75
385,Joensuu,FI,2022-10-28 18:32:15,62.6012,29.7632,45.09,100,100,5.75
386,Calama,CL,2022-10-28 18:32:16,-22.4667,-68.9333,73.89,8,0,23.02
387,Vicuna,CL,2022-10-28 18:32:16,-30.0319,-70.7081,83.77,29,0,10.07
388,Syumsi,RU,2022-10-28 18:32:17,57.1111,51.6149,32.45,87,90,5.91
389,Clones,IE,2022-10-28 18:32:18,54.1833,-7.2333,51.73,92,33,10.04
390,Formosa,AR,2022-10-28 18:31:16,-26.1775,-58.1781,89.58,51,75,6.91
391,Mamontovo,RU,2022-10-28 18:32:19,52.7055,81.6244,24.75,75,12,9.6
392,Griffin,US,2022-10-28 18:32:21,33.2468,-84.2641,71.4,56,0,10.36
393,Port Hawkesbury,CA,2022-10-28 18:32:23,45.6169,-61.3485,51.91,64,40,13.8
394,Mayor Pablo Lagerenza,PY,2022-10-28 18:32:24,-19.9309,-60.7718,92.19,43,100,8.97
395,Lehigh Acres,US,2022-10-28 18:31:22,26.6254,-81.6248,90.0,54,0,10.36
396,Muzhi,RU,2022-10-28 18:32:25,65.3667,64.6667,22.57,80,5,11.1
397,Monrovia,LR,2022-10-28 18:32:27,6.3005,-10.7969,79.05,83,99,3.96
398,Urambo,TZ,2022-10-28 18:32:27,-5.0667,32.05,79.03,24,44,3.44
399,Nadym,RU,2022-10-28 18:32:28,65.5333,72.5167,17.47,91,12,14.03
400,Vila Velha,BR,2022-10-28 18:32:28,-20.3297,-40.2925,84.15,77,20,18.41
401,Ghanzi,BW,2022-10-28 18:32:29,-21.5667,21.7833,84.2,29,74,7.94
402,Canico,PT,2022-10-28 18:32:29,32.6333,-16.85,74.03,80,20,5.75
403,Toro,CO,2022-10-28 18:32:30,4.6117,-76.0814,81.28,89,99,2.95
404,Sorland,NO,2022-10-28 18:32:30,67.667,12.6934,44.46,90,100,17.81
405,Storslett,NO,2022-10-28 18:32:30,69.7678,21.0247,37.4,81,75,9.22
406,Tiznit,MA,2022-10-28 18:29:11,29.5833,-9.5,82.45,11,73,7.61
407,Abnub,EG,2022-10-28 18:32:31,27.2696,31.1511,75.42,44,1,11.83
408,Rosita,NI,2022-10-28 18:32:32,13.9268,-84.4032,91.06,43,35,3.56
409,Les Cayes,HT,2022-10-28 18:32:33,18.2,-73.75,87.13,54,14,6.15
410,Mineralnyye Vody,RU,2022-10-28 18:32:33,44.2103,43.1353,50.09,76,75,13.42
411,Bracciano,IT,2022-10-28 18:32:34,42.1031,12.1754,67.5,82,26,2.33
412,Reo,BF,2022-10-28 18:32:34,12.3167,-2.4667,86.11,22,0,5.57
413,Dwarka,IN,2022-10-28 18:32:34,22.2394,68.9678,80.55,65,0,10.31
414,Novoagansk,RU,2022-10-28 18:32:35,61.9449,76.6625,25.68,96,100,8.48
415,La Palma,US,2022-10-28 18:33:36,33.8464,-118.0467,79.81,68,20,3.0
416,San Javier,ES,2022-10-28 18:33:36,37.8063,-0.8374,72.12,79,40,10.36
417,Kathmandu,NP,2022-10-28 18:30:03,27.7167,85.3167,59.22,88,20,2.3
418,Saint-Pierre,RE,2022-10-28 18:33:37,-21.3393,55.4781,73.9,73,40,4.61
419,Galle,LK,2022-10-28 18:33:37,6.0367,80.217,76.03,84,69,4.88
420,Iberia,US,2022-10-28 18:33:38,29.9502,-91.7507,76.98,77,0,5.75
421,Vangaindrano,MG,2022-10-28 18:33:38,-23.35,47.6,71.51,89,82,10.89
422,Chapais,CA,2022-10-28 18:32:57,49.7834,-74.8492,44.38,62,100,12.71
423,Thinadhoo,MV,2022-10-28 18:33:39,0.5333,72.9333,81.95,80,98,19.35
424,Cap Malheureux,MU,2022-10-28 18:31:09,-19.9842,57.6142,74.46,72,65,3.0
425,Benjamin Aceval,PY,2022-10-28 18:33:40,-24.9667,-57.5667,89.74,59,82,5.41
426,Kongolo,CD,2022-10-28 18:33:41,-5.3833,27.0,77.05,63,90,2.26
427,Nyrob,RU,2022-10-28 18:33:25,60.733,56.7202,30.31,97,100,3.53
428,Idah,NG,2022-10-28 18:33:42,7.1065,6.7342,80.06,62,100,2.57
429,Bida,NG,2022-10-28 18:33:42,9.0833,6.0167,80.46,40,100,3.62
430,Hobyo,SO,2022-10-28 18:33:43,5.3505,48.5268,79.95,76,5,11.54
431,Marsh Harbour,BS,2022-10-28 18:33:44,26.5412,-77.0636,80.17,61,2,14.41
432,Rio Bueno,CL,2022-10-28 18:32:38,-40.3167,-72.9667,59.11,50,100,8.57
433,Sembe,CG,2022-10-28 18:33:45,1.6481,14.5806,70.03,97,100,2.21
434,Plettenberg Bay,ZA,2022-10-28 18:33:46,-34.0527,23.3716,61.23,80,93,15.84
435,Sarkand,KZ,2022-10-28 18:33:46,45.41,79.9186,29.88,56,0,6.24
436,Mitu,CO,2022-10-28 18:33:47,1.1983,-70.1733,82.02,77,100,1.63
437,Altagracia De Orituco,VE,2022-10-28 18:33:47,9.8601,-66.3814,77.65,90,100,3.33
438,Tisovec,SK,2022-10-28 18:33:48,48.6774,19.9436,48.07,90,40,2.86
439,Humaita,BR,2022-10-28 18:33:48,-7.5061,-63.0208,73.83,99,100,4.14
440,Catabola,AO,2022-10-28 18:33:49,-12.15,17.2833,65.48,83,100,4.43
441,Kuloy,RU,2022-10-28 18:33:50,61.0305,42.4925,42.51,98,100,6.76
442,Maniitsoq,GL,2022-10-28 18:33:50,65.4167,-52.9,37.65,98,100,18.9
443,Alpinopolis,BR,2022-10-28 18:33:50,-20.8636,-46.3881,85.82,34,95,7.09
444,Gorahun,SL,2022-10-28 18:33:51,7.4661,-11.2375,74.57,98,100,3.11
445,Camacupa,AO,2022-10-28 18:33:52,-12.0167,17.4833,64.22,90,100,3.65
446,Andenes,NO,2022-10-28 18:33:52,69.3143,16.1194,42.93,81,75,16.11
447,Verkhnyaya Sysert,RU,2022-10-28 18:33:54,56.4372,60.75,31.91,69,100,7.49
448,Knysna,ZA,2022-10-28 18:33:55,-34.0363,23.0471,61.09,84,100,11.18
449,Golitsyno,RU,2022-10-28 18:33:56,55.6122,36.9833,46.56,87,75,6.71
450,Gao,ML,2022-10-28 18:33:56,16.6362,1.637,79.97,11,0,11.72
451,Kambove,CD,2022-10-28 18:33:57,-10.8764,26.5969,74.26,35,52,4.47
452,Zhytomyr,UA,2022-10-28 18:30:36,50.2649,28.6767,50.2,89,100,6.44
453,Balad,IQ,2022-10-28 18:33:58,34.0164,44.1453,75.42,26,0,11.14
454,Benguela,AO,2022-10-28 18:33:58,-12.5763,13.4055,76.66,84,40,4.88
455,Berasia,IN,2022-10-28 18:33:59,23.6333,77.4333,68.45,51,0,4.07
456,Myra,IT,2022-10-28 18:33:59,45.4358,12.1348,65.14,84,0,3.44
457,Tatarsk,RU,2022-10-28 18:34:00,55.219,75.9828,26.73,88,100,15.46
458,Zheleznovodsk,RU,2022-10-28 18:34:00,44.1394,43.0197,46.81,76,75,13.42
459,Channel-Port Aux Basques,CA,2022-10-28 18:30:33,47.5702,-59.1367,45.59,59,6,21.9
460,Civitavecchia,IT,2022-10-28 18:34:01,42.0933,11.7967,70.39,80,86,3.42
461,Sakrand,PK,2022-10-28 18:34:01,26.1384,68.2736,79.38,47,47,8.63
462,Kassala,SD,2022-10-28 18:32:00,15.451,36.4,89.53,31,9,7.23
463,Luena,AO,2022-10-28 18:35:03,-11.7833,19.9167,66.13,87,100,7.9
464,Cascais,PT,2022-10-28 18:35:04,38.6979,-9.4215,71.46,93,40,20.0
465,Tazmalt,DZ,2022-10-28 18:35:04,36.3868,4.3989,72.01,31,5,1.03
466,Guaratinga,BR,2022-10-28 18:35:05,-16.5667,-39.5667,83.71,57,46,12.48
467,Oktyabrskiy,RU,2022-10-28 18:35:05,54.4815,53.471,32.61,71,99,3.65
468,Eyl,SO,2022-10-28 18:35:06,7.9803,49.8164,79.3,79,23,11.36
469,Akdepe,TM,2022-10-28 18:35:07,42.0551,59.3788,51.89,46,0,7.61
470,Mponela,MW,2022-10-28 18:35:07,-13.5319,33.7401,74.14,32,5,6.15
471,Hammerfest,NO,2022-10-28 18:35:08,70.6634,23.6821,39.65,81,75,8.05
472,Ritchie,ZA,2022-10-28 18:35:09,-29.038,24.6028,74.41,23,92,10.74
473,Cockburn Town,TC,2022-10-28 18:35:09,21.4612,-71.1419,81.54,72,0,8.59
474,Upington,ZA,2022-10-28 18:35:10,-28.4478,21.2561,82.78,21,0,6.91
475,Mumford,GH,2022-10-28 18:35:10,5.2618,-0.759,79.14,84,99,8.86
476,Denia,ES,2022-10-28 18:35:11,38.8408,0.1057,71.74,88,100,1.01
477,Sarnia,CA,2022-10-28 18:31:44,42.9787,-82.4041,55.44,65,20,6.91
478,Iralaya,HN,2022-10-28 18:35:12,15.0,-83.2333,84.6,65,17,7.45
479,Komatipoort,ZA,2022-10-28 18:35:12,-25.4332,31.9548,71.06,64,82,10.65
480,Puerto Maldonado,PE,2022-10-28 18:31:40,-12.6,-69.1833,86.4,66,40,2.3
481,Kutum,SD,2022-10-28 18:35:14,14.2,24.6667,75.36,20,22,12.91
482,Santiago,CL,2022-10-28 18:32:31,-33.4569,-70.6483,80.29,31,40,9.22
483,Tias,ES,2022-10-28 18:35:15,28.9611,-13.645,74.88,83,0,5.75
484,Modrica,RS,2022-10-28 18:35:17,43.5204,21.3647,58.82,74,0,2.35
485,Octeville,FR,2022-10-28 18:35:18,49.6261,-1.6435,56.98,82,0,4.61
486,Bechem,GH,2022-10-28 18:35:19,7.0903,-2.025,76.35,73,11,1.63
487,Asosa,ET,2022-10-28 18:35:20,10.0667,34.5333,61.75,89,81,4.41
488,Marienburg,PL,2022-10-28 18:35:20,54.0359,19.0266,59.88,88,71,8.46
489,Havoysund,NO,2022-10-28 18:35:21,70.9963,24.6622,39.43,92,100,16.78
490,Bathurst,AU,2022-10-28 18:35:22,-33.4166,149.5806,47.97,84,41,1.01
491,Atbasar,KZ,2022-10-28 18:35:22,51.8,68.3333,23.34,85,100,4.94
492,Tornio,FI,2022-10-28 18:35:23,65.8481,24.1466,42.82,93,19,8.48
493,Nioro,GM,2022-10-28 18:35:24,13.35,-15.75,83.12,60,100,5.19
494,Watsa,CD,2022-10-28 18:35:25,3.0372,29.5355,66.11,97,100,0.76
495,Nicoya,CR,2022-10-28 18:35:25,10.1483,-85.452,85.32,66,12,2.08
496,Igarka,RU,2022-10-28 18:30:31,67.4667,86.5833,21.36,95,100,19.62
497,Timmins,CA,2022-10-28 18:30:31,48.4669,-81.3331,49.82,57,75,12.66
498,Zhukovka,RU,2022-10-28 18:32:09,53.534,33.728,48.47,94,100,5.7
499,Crotone,IT,2022-10-28 18:35:27,39.0851,17.1178,67.95,72,0,9.22
500,Turkistan,KZ,2022-10-28 18:35:28,43.0,68.0,48.24,53,100,6.71
501,Skagen,DK,2022-10-28 18:35:28,57.7209,10.5839,56.53,96,100,12.44
502,Dawlatabad,AF,2022-10-28 18:35:29,36.4141,64.9053,67.17,39,98,5.77
503,Melchor De Mencos,GT,2022-10-28 18:35:29,17.0686,-89.1522,89.6,51,20,6.91
504,Zhezkazgan,KZ,2022-10-28 18:35:30,47.8043,67.7144,29.93,58,100,9.28
505,Avila,ES,2022-10-28 18:32:42,40.5833,-5.0,62.65,48,100,8.23
506,Fort-Shevchenko,KZ,2022-10-28 18:35:31,44.5086,50.263,55.33,68,80,13.96
507,Aykino,RU,2022-10-28 18:35:32,62.2248,49.9922,33.19,98,100,6.33
508,Nyuksenitsa,RU,2022-10-28 18:35:32,60.4128,44.2397,40.91,95,100,8.75
509,Puerto Ayacucho,VE,2022-10-28 18:35:33,5.6639,-67.6236,90.5,58,95,1.48
510,Keti Bandar,PK,2022-10-28 18:35:33,24.1447,67.4497,79.5,64,66,7.09
511,Mabaruma,GY,2022-10-28 18:36:34,8.2,-59.7833,82.4,89,40,6.91
512,Mozarlandia,BR,2022-10-28 18:36:34,-14.7447,-50.5706,89.78,41,99,9.84
513,Dehloran,IR,2022-10-28 18:36:35,32.6941,47.2679,78.71,27,97,2.35
514,Monterrey,MX,2022-10-28 18:36:05,25.6667,-100.3167,88.75,51,6,3.0
515,Mbanza-Ngungu,CD,2022-10-28 18:36:35,-5.25,14.8667,69.8,95,100,5.28
516,Kedgwick,CA,2022-10-28 18:36:36,47.6446,-67.3434,44.37,43,0,7.63
517,Port Said,EG,2022-10-28 18:36:36,31.2565,32.2841,75.18,78,40,9.22
518,George,ZA,2022-10-28 18:36:37,-33.963,22.4617,58.55,88,20,11.5
519,Petrozavodsk,RU,2022-10-28 18:36:38,61.7849,34.3469,44.06,93,54,4.47
520,Sao Domingos,BR,2022-10-28 18:36:38,-13.3983,-46.3183,90.75,29,100,2.98
521,Vestmanna,FO,2022-10-28 18:36:39,62.1564,-7.1664,50.92,82,75,9.22
522,Balao,EC,2022-10-28 18:36:39,-2.9167,-79.8167,79.23,64,49,9.64
523,Male,MV,2022-10-28 18:36:40,4.1748,73.5089,80.55,83,75,5.75
524,Olonets,RU,2022-10-28 18:36:40,60.9847,32.9698,47.57,94,100,7.47
525,Quelimane,MZ,2022-10-28 18:36:41,-17.8786,36.8883,77.41,82,85,9.31
526,Ust-Charyshskaya Pristan,RU,2022-10-28 18:36:41,52.3934,83.6635,27.1,80,7,7.76
527,Santa Isabel Do Rio Negro,BR,2022-10-28 18:36:41,-0.4139,-65.0192,93.25,47,100,4.61
528,Igrim,RU,2022-10-28 18:32:26,63.1906,64.4162,24.22,89,6,5.7
529,Puerto Colombia,CO,2022-10-28 18:31:47,10.9878,-74.9547,87.89,65,22,9.8
530,Laharpur,IN,2022-10-28 18:36:42,27.7167,80.9,68.13,66,0,3.71
531,Garissa,KE,2022-10-28 18:36:43,-0.4536,39.6401,82.11,57,3,18.1
532,Abu Samrah,SY,2022-10-28 18:36:43,35.3029,37.1841,70.18,37,1,3.71
533,Cassilandia,BR,2022-10-28 18:36:44,-19.1133,-51.7342,84.07,52,78,13.47
534,Ust-Tsilma,RU,2022-10-28 18:36:45,65.441,52.1498,25.61,94,100,3.62
535,Kroonstad,ZA,2022-10-28 18:36:46,-27.6504,27.2349,65.12,54,96,19.86
536,Manta,EC,2022-10-28 18:36:47,-0.95,-80.7333,78.58,73,75,14.97
537,Kannur,IN,2022-10-28 18:36:49,11.8675,75.3576,76.71,72,7,4.85
538,Bhanpura,IN,2022-10-28 18:36:50,24.513,75.7469,74.7,37,0,0.94
539,Sur,OM,2022-10-28 18:36:51,22.5667,59.5289,79.14,74,0,0.92
540,Peachtree City,US,2022-10-28 18:36:53,33.3968,-84.5958,71.85,58,0,10.36
541,Upata,VE,2022-10-28 18:36:53,8.0086,-62.3989,87.19,81,100,4.25
542,Sisimiut,GL,2022-10-28 18:36:54,66.9395,-53.6735,39.2,92,99,11.1
543,Sakakah,SA,2022-10-28 18:36:55,29.9697,40.2064,76.57,29,97,10.02
544,Wavre,BE,2022-10-28 18:36:55,50.7333,4.6,64.45,85,75,6.91
545,Dale,US,2022-10-28 18:36:56,38.1689,-86.99,67.95,45,0,4.61
546,Wick,GB,2022-10-28 18:36:57,58.4333,-3.0833,51.85,82,20,9.22
547,Sigayevo,RU,2022-10-28 18:36:57,56.4216,53.7757,32.83,85,100,5.37
548,Zaltan,LY,2022-10-28 18:36:58,32.947,11.8665,73.29,64,0,8.16
549,Nizwa,OM,2022-10-28 18:36:59,22.9333,57.5333,76.05,37,0,1.25
550,Huicungo,PE,2022-10-28 18:36:59,-7.2833,-76.8,88.05,62,40,3.44
551,May Pen,JM,2022-10-28 18:37:00,17.9645,-77.2451,87.01,47,6,5.19
552,Troitsko-Pechorsk,RU,2022-10-28 18:37:00,62.7084,56.1964,17.13,99,94,3.11
553,Iaciara,BR,2022-10-28 18:37:01,-14.0958,-46.6317,92.89,28,94,2.66
554,Diu,IN,2022-10-28 18:37:01,20.7141,70.9822,75.79,52,0,8.12
555,Kuito,AO,2022-10-28 18:37:02,-12.3833,16.9333,63.64,80,100,3.09
556,Lubango,AO,2022-10-28 18:37:03,-14.9172,13.4925,65.23,80,100,5.5
557,Bronderslev,DK,2022-10-28 18:37:03,57.2702,9.941,57.88,96,100,7.2
558,Erzincan,TR,2022-10-28 18:38:04,39.75,39.5,47.5,53,0,11.5
559,Vianopolis,BR,2022-10-28 18:38:05,-16.7419,-48.5164,78.71,42,99,4.5
560,Saint-Augustin,CA,2022-10-28 18:38:06,51.226,-58.6502,44.71,37,5,18.59
561,Portobelo,PA,2022-10-28 18:38:07,9.55,-79.65,93.11,64,22,6.98
562,Zanjan,IR,2022-10-28 18:38:07,36.6736,48.4787,52.57,79,64,9.13
563,San Juan,AR,2022-10-28 18:35:16,-31.5375,-68.5364,94.05,6,6,7.4
564,Mubende,UG,2022-10-28 18:38:09,0.5606,31.39,62.98,97,100,2.46
565,Vysotsk,RU,2022-10-28 18:38:09,60.6288,28.5705,48.42,98,100,8.88
566,Antofagasta,CL,2022-10-28 18:38:10,-23.65,-70.4,63.68,67,3,9.06
567,Pali,IN,2022-10-28 18:38:11,25.7667,73.3333,76.91,31,0,3.11
568,Nuevitas,CU,2022-10-28 18:38:11,21.5453,-77.2644,84.2,58,1,10.18
569,Kindu,CD,2022-10-28 18:38:12,-2.95,25.95,71.85,92,97,2.26
570,Conceicao Da Barra,BR,2022-10-28 18:38:12,-18.5933,-39.7322,80.22,72,51,12.71
571,Canutama,BR,2022-10-28 18:38:13,-6.5339,-64.3831,79.32,79,100,4.43
572,Derzhavinsk,KZ,2022-10-28 18:38:14,51.1,66.3167,23.65,83,100,5.06
573,Kochinda,IN,2022-10-28 18:38:14,21.7333,84.35,64.92,60,0,1.92
574,San Diego,US,2022-10-28 18:34:41,32.7153,-117.1573,79.05,68,20,5.99
575,Anloga,GH,2022-10-28 18:38:15,5.7947,0.8973,81.12,80,100,8.86
576,Banyo,CM,2022-10-28 18:38:16,6.75,11.8167,69.49,79,100,3.06
577,Calvinia,ZA,2022-10-28 18:38:16,-31.4707,19.776,71.38,22,26,5.77
578,Aripuana,BR,2022-10-28 18:38:17,-9.1667,-60.6333,86.97,58,100,6.08
579,Kasungu,MW,2022-10-28 18:38:20,-13.0333,33.4833,74.01,33,0,6.69
580,Gerash,IR,2022-10-28 18:38:21,27.6652,54.1371,69.94,21,100,1.68
581,Ballina,AU,2022-10-28 18:38:22,-28.8667,153.5667,58.78,85,0,6.8
582,Mangaratiba,BR,2022-10-28 18:38:23,-22.9597,-44.0406,79.66,91,100,5.75
583,Herat,AF,2022-10-28 18:38:23,34.5,62.0,62.2,23,0,8.28
584,Santa Cruz,BO,2022-10-28 18:34:25,-17.8,-63.1667,89.65,51,75,17.27
585,Kismayo,SO,2022-10-28 18:38:24,-0.3582,42.5454,78.69,78,76,11.56
586,Kankaanpaa,FI,2022-10-28 18:38:25,61.8,22.4167,50.76,98,100,5.91
587,Myronivka,UA,2022-10-28 18:38:25,49.6601,30.9823,49.5,87,100,6.29
588,Salekhard,RU,2022-10-28 18:38:26,66.53,66.6019,22.1,81,6,13.09
589,Teya,RU,2022-10-28 18:38:26,60.3778,92.6267,25.9,86,100,10.36
590,Paris,FR,2022-10-28 18:35:11,48.8534,2.3488,68.77,82,0,5.75
591,Buchanan,LR,2022-10-28 18:38:27,5.8808,-10.0467,78.55,86,67,4.05
592,Bilma,NE,2022-10-28 18:38:27,18.6853,12.9164,77.5,19,0,9.26
593,Akureyri,IS,2022-10-28 18:38:28,65.6835,-18.0878,30.13,86,0,2.3
594,Sorochinsk,RU,2022-10-28 18:38:28,52.4338,53.1583,34.84,63,100,6.11
595,Curuca,BR,2022-10-28 18:38:30,-0.7289,-47.8481,89.06,51,100,11.25
596,Buraydah,SA,2022-10-28 18:34:59,26.326,43.975,79.25,16,1,8.68
597,Nuuk,GL,2022-10-28 18:38:30,64.1835,-51.7216,39.81,100,100,36.82
598,Port Blair,IN,2022-10-28 18:34:04,11.6667,92.75,81.12,79,100,8.25
599,Sucre,BO,2022-10-28 18:35:44,-19.0333,-65.2627,75.2,23,1,16.04
600,Puerto Leguizamo,CO,2022-10-28 18:38:31,-0.1934,-74.7819,85.48,68,100,0.13
601,Maku,IR,2022-10-28 18:38:32,39.2911,44.4521,51.13,60,19,2.53
602,Mpika,ZM,2022-10-28 18:38:33,-11.8343,31.4529,70.57,30,0,5.84
603,Junin,AR,2022-10-28 18:38:34,-34.5838,-60.9433,89.89,30,100,9.64
604,Kizema,RU,2022-10-28 18:38:34,61.113,44.8302,40.5,96,100,7.58
605,Awjilah,LY,2022-10-28 18:39:35,29.1081,21.2869,71.67,36,0,7.23
606,Guarapari,BR,2022-10-28 18:35:06,-20.6667,-40.4975,81.9,76,0,17.74
607,Kotelnich,RU,2022-10-28 18:39:35,58.3089,48.348,35.71,92,100,9.6
608,Venice,US,2022-10-28 18:37:55,27.0998,-82.4543,90.1,73,2,7.0
609,Plouzane,FR,2022-10-28 18:39:37,48.3833,-4.6167,57.52,91,75,9.22
610,Phalaborwa,ZA,2022-10-28 18:39:37,-23.943,31.1411,70.88,62,82,15.93
611,Beder,DK,2022-10-28 18:39:38,56.0602,10.2118,58.75,93,100,13.76
612,Santa Maria,BR,2022-10-28 18:39:39,-29.6842,-53.8069,85.3,30,0,3.44
613,Strezhevoy,RU,2022-10-28 18:39:39,60.7333,77.5889,27.81,97,100,9.37
614,Platanos,GR,2022-10-28 18:39:40,37.6667,21.6167,67.08,61,0,6.67
615,Gatehouse Of Fleet,GB,2022-10-28 18:39:40,54.882,-4.1843,56.14,89,73,18.52
616,Muli,MV,2022-10-28 18:39:41,2.9167,73.5667,80.98,82,100,12.86
617,Port-Gentil,GA,2022-10-28 18:39:42,-0.7193,8.7815,79.41,86,100,10.56
618,Crown Point,US,2022-10-28 18:35:00,41.417,-87.3653,60.93,52,0,3.44
619,San Andres,CO,2022-10-28 18:39:42,12.5847,-81.7006,87.82,62,40,9.22
620,Richards Bay,ZA,2022-10-28 18:39:43,-28.783,32.0377,69.46,66,100,11.14
621,Requena,ES,2022-10-28 18:39:43,39.4883,-1.1004,58.51,70,100,5.19
622,Boiro,ES,2022-10-28 18:39:44,42.65,-8.9,68.54,77,100,19.17
623,Porciuncula,BR,2022-10-28 18:39:44,-20.9628,-42.0408,87.64,51,69,3.02
624,Khalkhal,IR,2022-10-28 18:39:45,37.6189,48.5258,46.54,92,99,5.73
625,Bhatkal,IN,2022-10-28 18:39:45,13.9667,74.5667,80.13,66,100,6.44
626,Paragominas,BR,2022-10-28 18:39:46,-2.9667,-47.4833,96.42,29,100,6.73
627,Puerto Del Rosario,ES,2022-10-28 18:39:47,28.5004,-13.8627,76.75,69,20,5.75
628,Babanka,UA,2022-10-28 18:39:48,48.7097,30.4483,50.74,83,100,5.95
629,Lekoni,GA,2022-10-28 18:39:49,-1.5843,14.2591,69.96,93,100,2.59
630,Torres,BR,2022-10-28 18:39:49,-29.3353,-49.7269,80.83,68,0,8.9
631,Amot,NO,2022-10-28 18:39:50,59.5714,7.9877,51.76,99,100,3.89
632,Vendome,FR,2022-10-28 18:39:51,47.8,1.0667,66.49,66,100,4.43
633,Sol-Iletsk,RU,2022-10-28 18:39:51,51.1631,54.9918,34.32,53,100,6.46
634,Sao Joao Da Barra,BR,2022-10-28 18:39:52,-21.6403,-41.0511,86.09,79,44,21.9
635,Cullman,US,2022-10-28 18:35:16,34.1748,-86.8436,73.08,54,0,8.05
636,Burlatskoye,RU,2022-10-28 18:39:53,45.0564,43.635,46.09,79,82,8.48
637,Sfantu Gheorghe,RO,2022-10-28 18:34:55,45.8667,25.7833,53.26,85,62,2.19
638,Emet,TR,2022-10-28 18:39:55,39.343,29.2585,46.89,66,0,5.28
639,Alice Town,BS,2022-10-28 18:39:56,25.7167,-79.3,80.47,70,3,15.5
640,Catamarca,AR,2022-10-28 18:38:40,-28.4696,-65.7852,101.07,19,0,7.0
641,Lahij,YE,2022-10-28 18:39:57,13.1667,44.5833,74.91,71,0,4.5
642,Calinesti,RO,2022-10-28 18:39:58,44.8167,25.05,54.48,65,20,3.98
643,Bocana De Paiwas,NI,2022-10-28 18:39:58,12.7857,-85.1227,82.02,68,5,6.87
644,Mapiripan,CO,2022-10-28 18:40:00,2.8892,-72.1256,86.41,69,85,4.61
645,Albany,US,2022-10-28 18:36:10,42.6001,-73.9662,53.78,48,100,2.57
646,Tulum,MX,2022-10-28 18:35:38,20.2167,-87.4667,86.56,56,7,6.38
647,Yazd,IR,2022-10-28 18:40:01,31.8972,54.3675,66.31,24,40,2.3
648,Harper,LR,2022-10-28 18:40:01,4.375,-7.7169,77.88,87,48,5.06
649,Semnan,IR,2022-10-28 18:40:02,35.5729,53.3971,63.28,37,54,3.56
650,Sarab,IR,2022-10-28 18:41:02,38.6066,44.9883,55.27,49,13,4.63
651,Sorkjosen,NO,2022-10-28 18:41:03,69.8,20.9333,37.4,81,75,6.91
652,Trelew,AR,2022-10-28 18:37:04,-43.249,-65.3051,64.58,16,100,31.07
653,Tamandare,BR,2022-10-28 18:41:04,-8.7597,-35.1047,80.55,67,62,11.36
654,Nizhniy Odes,RU,2022-10-28 18:41:05,63.6445,54.856,16.16,99,93,4.18
655,Nata,PA,2022-10-28 18:41:06,8.3333,-80.5167,80.47,69,54,4.68
656,San Matias,BO,2022-10-28 18:41:06,-16.3667,-58.4,92.88,45,100,4.43
657,Moyale,KE,2022-10-28 18:41:07,3.5167,39.0584,67.66,78,92,4.83
658,Agropoli,IT,2022-10-28 18:41:08,40.3469,14.9966,69.08,65,0,4.0
659,Watford,GB,2022-10-28 18:41:08,51.6553,-0.396,59.25,81,0,5.75
660,Chyhyryn,UA,2022-10-28 18:41:09,49.0838,32.6555,50.47,79,98,6.31
661,Chalakudi,IN,2022-10-28 18:41:09,10.304,76.3361,78.71,89,40,3.44
662,Porto Novo,BJ,2022-10-28 18:41:10,6.4965,2.6036,82.22,80,100,5.14
663,Sambava,MG,2022-10-28 18:41:11,-14.2667,50.1667,71.37,80,22,3.33
664,Fomboni,KM,2022-10-28 18:41:12,-12.28,43.7425,77.76,77,5,12.84
665,Pandamatenga,BW,2022-10-28 18:41:13,-18.5278,25.627,78.17,39,5,3.78
666,Saint-Francois,FR,2022-10-28 18:41:13,46.4154,3.9054,63.84,82,0,0.0
667,Marsa Matruh,EG,2022-10-28 18:41:14,31.3525,27.2453,71.8,64,0,8.05
668,Keuruu,FI,2022-10-28 18:41:14,62.2667,24.7,48.38,93,100,5.95
669,Sohag,EG,2022-10-28 18:41:14,26.557,31.6948,77.29,39,0,9.1
670,Nouadhibou,MR,2022-10-28 18:41:15,20.931,-17.0347,76.98,57,0,13.8
671,Lagoa Vermelha,BR,2022-10-28 18:41:15,-28.2086,-51.5258,74.43,54,0,4.23
672,Betioky,MG,2022-10-28 18:41:17,-23.7167,44.3833,73.62,68,91,8.37
673,Madison,US,2022-10-28 18:36:35,34.7334,-86.5667,73.45,55,40,11.01
674,Ondangwa,NA,2022-10-28 18:41:18,-17.9167,15.95,87.8,20,59,9.22
675,Pokhara,NP,2022-10-28 18:41:18,28.2333,83.9833,60.84,64,1,5.41
676,Nakasongola,UG,2022-10-28 18:41:19,1.3089,32.4564,66.54,89,73,1.99
677,Lagunas,PE,2022-10-28 18:41:20,-5.2269,-75.6753,83.86,81,100,1.95
678,Hassleholm,SE,2022-10-28 18:41:21,56.1591,13.7664,58.78,95,100,4.63
679,Sebinkarahisar,TR,2022-10-28 18:41:21,40.2883,38.4236,40.08,77,16,4.61
680,Marsaxlokk,MT,2022-10-28 18:41:23,35.8419,14.5431,71.08,83,20,4.61
681,Verkhnyaya Inta,RU,2022-10-28 18:41:24,65.9811,60.3094,19.9,96,99,9.73
682,Chelbasskaya,RU,2022-10-28 18:41:25,45.9792,39.3719,48.02,75,10,5.12
683,Cabo Rojo,PR,2022-10-28 18:41:25,18.0866,-67.1457,86.09,76,100,5.99
684,Conakry,GN,2022-10-28 18:41:26,9.538,-13.6773,81.97,81,79,8.52
685,Serpa,PT,2022-10-28 18:41:26,37.9458,-7.5975,73.36,60,99,9.51
686,San Marcos,US,2022-10-28 18:38:33,33.1434,-117.1661,78.96,62,0,5.75
687,Mazamari,PE,2022-10-28 18:41:27,-11.3258,-74.5308,89.65,51,97,1.28
688,Pimentel,PE,2022-10-28 18:41:29,-6.8367,-79.9342,70.09,64,0,16.11
689,Ourinhos,BR,2022-10-28 18:41:29,-22.9789,-49.8706,89.94,36,8,7.31
690,Willowmore,ZA,2022-10-28 18:41:30,-33.2926,23.4895,55.29,77,39,17.85
691,Timra,SE,2022-10-28 18:41:31,62.487,17.3257,44.67,100,100,3.44
692,Itacarambi,BR,2022-10-28 18:41:32,-15.1022,-44.0919,98.2,16,68,6.22
693,Grootfontein,NA,2022-10-28 18:41:33,-19.5667,18.1167,74.77,41,20,3.44
694,Karatau,KZ,2022-10-28 18:41:33,43.1667,70.4667,41.99,72,100,3.6
695,Tessalit,ML,2022-10-28 18:41:34,20.1986,1.0114,78.31,15,0,11.77
696,Ilinskiy,RU,2022-10-28 18:41:34,55.619,38.1182,46.78,93,75,0.0
697,Sharlyk,RU,2022-10-28 18:41:35,52.9167,54.75,31.6,63,100,6.31
698,Bredy,RU,2022-10-28 18:42:35,52.4153,60.3411,17.08,88,90,4.68
699,Bekhteyevka,RU,2022-10-28 18:42:36,50.8072,37.2085,47.3,78,100,2.66
700,Nanga Eboko,CM,2022-10-28 18:42:36,4.6833,12.3667,69.49,97,100,2.53
701,Antananarivo,MG,2022-10-28 18:42:37,-18.9137,47.5361,66.16,72,75,5.75
702,Isla Mujeres,MX,2022-10-28 18:42:37,21.2311,-86.731,80.65,74,11,8.32
703,Balkhash,KZ,2022-10-28 18:42:38,46.844,74.9804,35.13,52,5,13.29
704,Kasongo-Lunda,CD,2022-10-28 18:42:39,-6.4667,16.8167,73.02,92,89,2.21
705,Sabzevar,IR,2022-10-28 18:42:39,36.2126,57.6819,60.08,48,0,0.0
706,Turayf,SA,2022-10-28 18:42:40,31.6725,38.6637,68.25,45,0,4.61
707,Rurrenabaque,BO,2022-10-28 18:42:40,-14.4413,-67.5278,91.09,70,75,0.0
708,Mahon,ES,2022-10-28 18:42:41,39.8885,4.2658,68.56,88,0,5.75
709,Batticaloa,LK,2022-10-28 18:42:42,7.7102,81.6924,77.95,75,30,4.23
710,Buritis,BR,2022-10-28 18:42:42,-15.6178,-46.4233,91.99,26,79,4.38
711,Betul,IN,2022-10-28 18:42:43,21.9153,77.8961,64.63,53,0,3.4
712,Mortka,RU,2022-10-28 18:42:43,59.3322,66.0214,30.0,84,86,4.18
713,Rincon,US,2022-10-28 18:42:16,32.296,-81.2354,73.36,56,75,9.22
714,Am Timan,TD,2022-10-28 18:42:44,11.0297,20.2827,80.78,28,100,2.08
715,Afsin,TR,2022-10-28 18:42:45,38.2477,36.914,49.15,45,5,3.94
716,Muzaffarabad,PK,2022-10-28 18:42:45,34.37,73.4711,61.38,49,0,4.74
717,Wattegama,LK,2022-10-28 18:42:46,6.7989,81.4808,73.83,80,34,2.91
718,Quilmana,PE,2022-10-28 18:42:46,-12.95,-76.3833,70.27,62,35,9.95
719,Angoche,MZ,2022-10-28 18:42:46,-16.2325,39.9086,77.0,83,0,13.24
720,Micheweni,TZ,2022-10-28 18:42:47,-4.9667,39.8333,76.26,86,29,8.3
721,Tonekabon,IR,2022-10-28 18:42:48,36.8163,50.8738,62.55,86,89,2.93
722,Lujan,AR,2022-10-28 18:42:48,-34.5703,-59.105,93.02,29,47,8.01
